{"stats":{"minecraft:picked_up":{"minecraft:repeater":3,"minecraft:chicken":2,"minecraft:potato":6,"minecraft:stone_button":192,"minecraft:grass_block":2,"minecraft:dirt":47,"minecraft:stone_pressure_plate":2,"minecraft:vex_spawn_egg":2,"minecraft:repeating_command_block":2,"minecraft:rotten_flesh":2,"minecraft:wheat_seeds":6,"minecraft:creeper_spawn_egg":175,"minecraft:netherite_sword":3,"minecraft:totem_of_undying":42,"minecraft:sugar_cane":1},"minecraft:used":{"minecraft:creeper_spawn_egg":12,"minecraft:netherite_sword":35,"minecraft:command_block":13,"minecraft:grass_block":31,"minecraft:redstone":53,"minecraft:stone_button":1,"minecraft:redstone_block":22,"minecraft:totem_of_undying":61,"minecraft:vex_spawn_egg":13,"minecraft:wooden_sword":17,"minecraft:repeater":22,"minecraft:repeating_command_block":3,"minecraft:stone_pressure_plate":3,"minecraft:experience_bottle":2},"minecraft:killed":{"minecraft:pillager":12},"minecraft:mined":{"minecraft:grass":7,"minecraft:tall_grass":11},"minecraft:dropped":{"minecraft:potato":6,"minecraft:repeating_command_block":1,"minecraft:sugar_cane":1,"minecraft:stone_button":64,"minecraft:repeater":2,"minecraft:netherite_sword":1,"minecraft:vex_spawn_egg":1,"minecraft:chicken":2,"minecraft:rotten_flesh":1,"minecraft:stone_pressure_plate":2,"minecraft:totem_of_undying":1},"minecraft:custom":{"minecraft:time_since_rest":52133,"minecraft:damage_absorbed":4270,"minecraft:sprint_one_cm":35487,"minecraft:walk_one_cm":66543,"minecraft:damage_taken":14775,"minecraft:mob_kills":12,"minecraft:drop":14,"minecraft:damage_dealt":3060,"minecraft:fly_one_cm":342209,"minecraft:open_chest":2,"minecraft:crouch_one_cm":799,"minecraft:play_time":52133,"minecraft:sneak_time":754,"minecraft:walk_under_water_one_cm":739,"minecraft:jump":519,"minecraft:leave_game":13,"minecraft:walk_on_water_one_cm":1943,"minecraft:time_since_death":52133,"minecraft:climb_one_cm":16,"minecraft:total_world_time":52133,"minecraft:fall_one_cm":29784}},"DataVersion":2975}